Brand+Product	Rawsize
MAXTOUR LX	225/65R17
MAXTOUR LX	205/55R16
MAXTOUR LX	215/55R17
MAXTOUR LX	195/65R15
MAXTOUR LX	215/60R16
MAXTOUR LX	225/60R17
MAXTOUR LX	225/50R17
MAXTOUR LX	205/65R16
MAXTOUR LX	205/60R16
MAXTOUR LX	235/45R18
MAXTOUR LX	235/65R17
MAXTOUR LX	225/60R16
MAXTOUR LX	235/60R18
MAXTOUR LX	225/55R17
MAXTOUR LX	215/55R16
MAXTOUR LX	225/60R18
MAXTOUR LX	215/65R16
MAXTOUR LX	235/55R17
MAXTOUR LX	235/55R18
MAXTOUR LX	215/50R17
MAXTOUR LX	225/45R18
MAXTOUR LX	225/55R18
MAXTOUR LX	235/50R18
MAXTOUR LX	235/40R19
MAXTOUR LX	235/60R17
MAXTOUR LX	215/60R17
MAXTOUR LX	225/45R17
MAXTOUR LX	225/50R18
MAXTOUR LX	215/65R17
MAXTOUR LX	185/60R15
MAXTOUR LX	215/45R17
MAXTOUR LX	235/55R19
MAXTOUR LX	235/65R16
MAXTOUR LX	245/45R18
MAXTOUR LX	235/65R18
MAXTOUR LX	205/50R17
MAXTOUR LX	245/50R20
MAXTOUR LX	235/55R20
MAXTOUR LX	225/65R16
MAXTOUR LX	225/40R18
MAXTOUR LX	235/50R17
MAXTOUR LX	245/45R19
MAXTOUR LX	215/55R18
MAXTOUR LX	245/60R18
MAXTOUR LX	225/55R19
MAXTOUR LX	245/45R20
MAXTOUR LX	235/45R19
MAXTOUR LX	255/50R20
MAXTOUR LX	205/70R16
MAXTOUR LX	195/55R16
MAXTOUR LX	255/50R19
MAXCLIMATE	235/60R18
MAXCLIMATE	225/65R17
MAXCLIMATE	225/60R18
MAXCLIMATE	225/60R17
MAXCLIMATE	215/55R17
MAXCLIMATE	225/55R18
MAXCLIMATE	235/45R18
MAXCLIMATE	225/55R17
MAXCLIMATE	235/55R17
MAXCLIMATE	225/50R17
MAXCLIMATE	235/50R18
MAXCLIMATE	235/40R19
MAXCLIMATE	225/45R18
MAXCLIMATE	235/55R20
MAXCLIMATE	235/50R19
MAXCLIMATE	255/50R20
MAXCLIMATE	245/60R18
MAXCLIMATE	235/65R18
MAXCLIMATE	215/55R18
MAXCLIMATE	235/65R17
MAXCLIMATE	235/55R18
MAXCLIMATE	215/50R17
MAXCLIMATE	235/55R19
MAXCLIMATE	265/50R20
MAXCLIMATE	245/50R20
MAXCLIMATE	235/60R17
MAXCLIMATE	265/45R20
MAXCLIMATE	215/65R17
MAXCLIMATE	225/50R18
MAXCLIMATE	205/50R17
MAXCLIMATE	245/45R18
MAXCLIMATE	255/45R20
MAXCLIMATE	225/40R18
MAXCLIMATE	225/55R19
MAXCLIMATE	215/60R17
MAXCLIMATE	235/45R19
MAXCLIMATE	245/55R19
MAXCLIMATE	245/40R18
MAXCLIMATE	255/55R20
MAXCLIMATE	245/45R19
MAXCLIMATE	245/45R20
MAXCLIMATE	245/40R19
MAXCLIMATE	255/50R19
ADVENTURO HT	275/55R20
ADVENTURO HT	265/70R17
ADVENTURO HT	LT225/75R16
ADVENTURO HT	LT245/75R16
ADVENTURO HT	275/60R20
ADVENTURO HT	265/60R18
ADVENTURO HT	265/70R16
ADVENTURO HT	245/65R17
ADVENTURO HT	265/50R20
ADVENTURO HT	275/65R18
ADVENTURO HT	265/65R18
ADVENTURO HT	255/50R20
ADVENTURO HT	235/70R16
ADVENTURO HT	245/70R17
ADVENTURO HT	245/55R19
ADVENTURO HT	255/55R20
ADVENTURO HT	255/65R18
ADVENTURO HT	LT245/75R17
ADVENTURO HT	265/65R17
ADVENTURO HT	245/75R16
ADVENTURO HT	LT235/80R17
ADVENTURO HT	215/70R16
ADVENTURO HT	235/75R15
ADVENTURO HT	255/60R19
ADVENTURO HT	LT265/70R17
ADVENTURO HT	255/70R16
ADVENTURO HT	LT235/85R16
ADVENTURO HT	245/70R16
ADVENTURO HT	255/55R18
ADVENTURO HT	LT265/75R16
ADVENTURO HT	265/70R18
ADVENTURO HT	255/70R18
ADVENTURO HT	265/75R16
ADVENTURO ATX	265/70R17
ADVENTURO ATX	LT265/70R17
ADVENTURO ATX	275/60R20
ADVENTURO ATX	LT275/70R18
ADVENTURO ATX	275/55R20
ADVENTURO ATX	275/65R18
ADVENTURO ATX	LT245/75R17
ADVENTURO ATX	LT265/75R16
ADVENTURO ATX	LT285/70R17
ADVENTURO ATX	265/70R16
ADVENTURO ATX	235/75R15
ADVENTURO ATX	LT275/65R18
ADVENTURO ATX	LT275/65R20
ADVENTURO ATX	LT245/75R16
ADVENTURO ATX	265/65R18
ADVENTURO ATX	LT235/80R17
ADVENTURO ATX	265/75R16
ADVENTURO ATX	35X12.50R20
ADVENTURO ATX	LT285/75R16
ADVENTURO ATX	265/60R18
ADVENTURO ATX	265/65R17
ADVENTURO ATX	245/65R17
ADVENTURO ATX	245/75R16
ADVENTURO ATX	31X10.50R15
ADVENTURO ATX	LT265/70R18
ADVENTURO ATX	235/70R16
ADVENTURO ATX	255/70R16
ADVENTURO ATX	245/70R16
CHAMPIRO SX2	195/50R15
CHAMPIRO SX2	215/45R17
CHAMPIRO SX2	225/45R17
CHAMPIRO SX2	235/40R17
CHAMPIRO SX2	235/45R17
CHAMPIRO SX2	245/40R17
CHAMPIRO SX2	235/40R18
CHAMPIRO SX2	245/40R18
CHAMPIRO SX2	265/35R18
CHAMPIRO HPY	205/45R17
CHAMPIRO HPY	205/50R17
CHAMPIRO HPY	215/45R17
CHAMPIRO HPY	215/55R17
CHAMPIRO HPY	225/45R17
CHAMPIRO HPY	225/50R17
CHAMPIRO HPY	225/65R17
CHAMPIRO HPY	235/45R17
CHAMPIRO HPY	235/50R17
CHAMPIRO HPY	235/65R17
CHAMPIRO HPY	245/40R17
CHAMPIRO HPY	245/45R17
CHAMPIRO HPY	255/40R17
CHAMPIRO HPY	205/40R18
CHAMPIRO HPY	225/40R18
CHAMPIRO HPY	225/45R18
CHAMPIRO HPY	235/40R18
CHAMPIRO HPY	235/50R18
CHAMPIRO HPY	235/55R18
CHAMPIRO HPY	235/60R18
CHAMPIRO HPY	245/40R18
CHAMPIRO HPY	245/45R18
CHAMPIRO HPY	255/35R18
CHAMPIRO HPY	255/45R18
CHAMPIRO HPY	255/55R18
CHAMPIRO HPY	265/35R18
CHAMPIRO HPY	225/35R19
CHAMPIRO HPY	225/40R19
CHAMPIRO HPY	235/35R19
CHAMPIRO HPY	255/35R19
CHAMPIRO HPY	255/40R19
CHAMPIRO HPY	255/50R19
CHAMPIRO HPY	255/35R20
CHAMPIRO HPY	255/45R20
MAXMILER PRO	205/65R15
MAXMILER PRO	215/55R16
MAXMILER PRO	185/60R15C
MAXMILER PRO	225/75R16C
MAXMILER PRO	235/65R16C
MAXMILER PRO	LT215/85R16
MAXMILER PRO	LT235/85R16
MAXMILER PRO	LT245/75R16
MAXMILER PRO	LT235/80R17
MAXMILER PRO	LT245/75R17
Champiro UHP A/S	195/55R15
Champiro UHP A/S	205/50R16
Champiro UHP A/S	225/50R16
Champiro UHP A/S	205/55R16
Champiro UHP A/S	225/55R16
Champiro UHP A/S	215/45R17
Champiro UHP A/S	225/45R17
Champiro UHP A/S	235/45R17
Champiro UHP A/S	245/45R17
Champiro UHP A/S	205/50R17
Champiro UHP A/S	215/50R17
Champiro UHP A/S	225/50R17
Champiro UHP A/S	215/55R17
Champiro UHP A/S	225/55R17
Champiro UHP A/S	235/55R17
Champiro UHP A/S	225/40R18
Champiro UHP A/S	235/40R18
Champiro UHP A/S	245/40R18
Champiro UHP A/S	215/45R18
Champiro UHP A/S	225/45R18
Champiro UHP A/S	235/45R18
Champiro UHP A/S	245/45R18
Champiro UHP A/S	255/45R18
Champiro UHP A/S	225/50R18
Champiro UHP A/S	235/50R18
Champiro UHP A/S	245/40R19
Champiro UHP A/S	255/40R19
Champiro UHP A/S	245/45R19
Champiro UHP A/S	275/40R20
Champiro UHP A/S	245/45R20
CHAMPIRO TOURING A/S	185/65R14
CHAMPIRO TOURING A/S	195/60R15
CHAMPIRO TOURING A/S	175/65R15
CHAMPIRO TOURING A/S	195/65R15
CHAMPIRO TOURING A/S	205/65R15
CHAMPIRO TOURING A/S	215/70R15
CHAMPIRO TOURING A/S	205/55R16
CHAMPIRO TOURING A/S	215/55R16
CHAMPIRO TOURING A/S	205/60R16
CHAMPIRO TOURING A/S	215/60R16
CHAMPIRO TOURING A/S	215/60R16
CHAMPIRO TOURING A/S	225/60R16
CHAMPIRO TOURING A/S	235/60R16
CHAMPIRO TOURING A/S	205/65R16
CHAMPIRO TOURING A/S	215/65R16
CHAMPIRO TOURING A/S	225/65R16
CHAMPIRO TOURING A/S	235/65R16
CHAMPIRO TOURING A/S	215/45R17
CHAMPIRO TOURING A/S	225/45R17
CHAMPIRO TOURING A/S	205/50R17
CHAMPIRO TOURING A/S	215/50R17
CHAMPIRO TOURING A/S	225/50R17
CHAMPIRO TOURING A/S	235/50R17
CHAMPIRO TOURING A/S	215/55R17
CHAMPIRO TOURING A/S	225/55R17
CHAMPIRO TOURING A/S	235/55R17
CHAMPIRO TOURING A/S	215/60R17
CHAMPIRO TOURING A/S	225/60R17
CHAMPIRO TOURING A/S	235/60R17
CHAMPIRO TOURING A/S	215/65R17
CHAMPIRO TOURING A/S	225/65R17
CHAMPIRO TOURING A/S	235/65R17
CHAMPIRO TOURING A/S	225/45R18
CHAMPIRO TOURING A/S	235/45R18
CHAMPIRO TOURING A/S	245/45R18
CHAMPIRO TOURING A/S	225/50R18
CHAMPIRO TOURING A/S	235/50R18
CHAMPIRO TOURING A/S	225/55R18
CHAMPIRO TOURING A/S	235/55R18
CHAMPIRO TOURING A/S	225/60R18
CHAMPIRO TOURING A/S	235/60R18
CHAMPIRO TOURING A/S	245/60R18
CHAMPIRO TOURING A/S	235/65R18
CHAMPIRO TOURING A/S	245/45R19
CHAMPIRO TOURING A/S	255/50R19
CHAMPIRO TOURING A/S	225/55R19
CHAMPIRO TOURING A/S	235/55R19
CHAMPIRO TOURING A/S	245/45R20
CHAMPIRO TOURING A/S	245/50R20
CHAMPIRO TOURING A/S	235/55R20
MAXTOUR All Season	175/70R13
MAXTOUR All Season	175/65R14
MAXTOUR All Season	175/70R14
MAXTOUR All Season	185/70R14
MAXTOUR All Season	195/70R14
MAXTOUR All Season	185/60R15
MAXTOUR All Season	195/60R15
MAXTOUR All Season	205/60R15
MAXTOUR All Season	185/65R15
MAXTOUR All Season	185/65R15
MAXTOUR All Season	195/65R15
MAXTOUR All Season	205/65R15
MAXTOUR All Season	215/65R15
MAXTOUR All Season	205/70R15
MAXTOUR All Season	205/75R15
MAXTOUR All Season	215/75R15
MAXTOUR All Season	205/60R16
MAXTOUR All Season	215/60R16
MAXTOUR All Season	225/60R16
SAVERO HT2	215/70R15
SAVERO HT2	235/75R15
SAVERO HT2	255/65R16
SAVERO HT2	215/70R16
SAVERO HT2	225/70R16
SAVERO HT2	235/70R16
SAVERO HT2	245/70R16
SAVERO HT2	255/70R16
SAVERO HT2	265/70R16
SAVERO HT2	225/75R16
SAVERO HT2	235/75R16
SAVERO HT2	245/75R16
SAVERO HT2	265/75R16
SAVERO HT2	275/60R17
SAVERO HT2	225/65R17
SAVERO HT2	235/65R17
SAVERO HT2	245/65R17
SAVERO HT2	255/65R17
SAVERO HT2	265/65R17
SAVERO HT2	235/70R17
SAVERO HT2	245/70R17
SAVERO HT2	265/70R17
SAVERO HT2	255/55R18
SAVERO HT2	235/60R18
SAVERO HT2	245/60R18
SAVERO HT2	265/60R18
SAVERO HT2	235/65R18
SAVERO HT2	255/65R18
SAVERO HT2	265/65R18
SAVERO HT2	275/65R18
SAVERO HT2	255/70R18
SAVERO HT2	265/70R18
SAVERO HT2	245/55R19
SAVERO HT2	255/60R19
SAVERO HT2	275/45R20
SAVERO HT2	255/50R20
SAVERO HT2	265/50R20
SAVERO HT2	255/55R20
SAVERO HT2	275/55R20
SAVERO HT2	275/60R20
SAVERO HT2	LT235/75R15
SAVERO HT2	30X9.50R15LT
SAVERO HT2	31X10.50R15LT
SAVERO HT2	LT225/75R16
SAVERO HT2	LT245/75R16
SAVERO HT2	LT265/75R16
SAVERO HT2	LT215/85R16
SAVERO HT2	LT235/85R16
SAVERO HT2	LT245/70R17
SAVERO HT2	LT265/70R17
SAVERO HT2	LT245/75R17
SAVERO HT2	LT235/80R17
Adventuro AT3	235/75R15
Adventuro AT3	235/70R16
Adventuro AT3	265/70R16
Adventuro AT3	245/75R16
Adventuro AT3	245/65R17
Adventuro AT3	265/65R17
Adventuro AT3	245/70R17
Adventuro AT3	265/70R17
Adventuro AT3	285/70R17
Adventuro AT3	235/75R17
Adventuro AT3	265/60R18
Adventuro AT3	265/65R18
Adventuro AT3	275/65R18
Adventuro AT3	265/70R18
Adventuro AT3	275/55R20
Adventuro AT3	LT245/75R16
Adventuro AT3	LT265/75R16
Adventuro AT3	LT285/75R16
Adventuro AT3	LT215/85R16
Adventuro AT3	LT235/85R16
Adventuro AT3	LT245/70R17
Adventuro AT3	LT265/70R17
Adventuro AT3	LT285/70R17
Adventuro AT3	LT245/75R17
Adventuro AT3	LT235/80R17
Adventuro AT3	LT275/65R18
Adventuro AT3	LT285/65R18
Adventuro AT3	LT275/70R18
Adventuro AT3	31X10.50R15LT
SAVERO KOMODO M/T PLUS	LT235/75R15
SAVERO KOMODO M/T PLUS	31X10.50R15LT
SAVERO KOMODO M/T PLUS	33X12.50R15LT
SAVERO KOMODO M/T PLUS	LT245/75R16
SAVERO KOMODO M/T PLUS	LT265/75R16
SAVERO KOMODO M/T PLUS	LT265/70R17
ADVENTURO ATZ	235/75R15
ADVENTURO ATZ	245/75R16
ADVENTURO ATZ	265/70R16
ADVENTURO ATZ	265/75R16
ADVENTURO ATZ	LT225/75R16
ADVENTURO ATZ	LT245/75R16
ADVENTURO ATZ	LT265/75R16
ADVENTURO ATZ	LT285/75R16
ADVENTURO ATZ	225/65R17
ADVENTURO ATZ	235/65R17
ADVENTURO ATZ	245/65R17
ADVENTURO ATZ	255/70R17
ADVENTURO ATZ	265/65R17
ADVENTURO ATZ	265/70R17
ADVENTURO ATZ	285/70R17
ADVENTURO ATZ	LT235/80R17
ADVENTURO ATZ	LT245/70R17
ADVENTURO ATZ	LT245/75R17
ADVENTURO ATZ	LT265/70R17
ADVENTURO ATZ	LT285/70R17
ADVENTURO ATZ	245/60R18
ADVENTURO ATZ	255/70R18
ADVENTURO ATZ	265/60R18
ADVENTURO ATZ	265/65R18
ADVENTURO ATZ	275/65R18
ADVENTURO ATZ	LT265/70R18
ADVENTURO ATZ	LT275/65R18
ADVENTURO ATZ	LT275/70R18
ADVENTURO ATZ	35X12.50R18LT
ADVENTURO ATZ	265/50R20
ADVENTURO ATZ	275/55R20
ADVENTURO ATZ	275/60R20
ADVENTURO ATZ	LT265/60R20
ADVENTURO ATZ	LT275/55R20
ADVENTURO ATZ	LT275/60R20
ADVENTURO ATZ	LT275/65R20
ADVENTURO ATZ	LT285/60R20
ADVENTURO ATZ	35X12.50R20LT
ADVENTURO ATZ	285/45R22
ADVENTURO RT	LT245/75R16
ADVENTURO RT	LT265/75R16
ADVENTURO RT	265/70R17
ADVENTURO RT	LT235/80R17
ADVENTURO RT	LT245/70R17
ADVENTURO RT	LT245/75R17
ADVENTURO RT	LT265/70R17
ADVENTURO RT	LT285/70R17
ADVENTURO RT	LT315/70R17
ADVENTURO RT	35X12.50R17LT
ADVENTURO RT	265/65R18
ADVENTURO RT	275/65R18
ADVENTURO RT	LT265/70R18
ADVENTURO RT	LT275/65R18
ADVENTURO RT	LT275/70R18
ADVENTURO RT	LT285/65R18
ADVENTURO RT	LT295/70R18
ADVENTURO RT	33X12.50R18LT
ADVENTURO RT	35X12.50R18LT
ADVENTURO RT	35X12.50R20LT
ADVENTURO RT	285/45R22 XL
ADVENTURO RT	275/60R20
ADVENTURO RT	LT265/60R20
ADVENTURO RT	LT275/55R20
ADVENTURO RT	LT275/60R20
ADVENTURO RT	LT275/65R20
ADVENTURO RT	LT285/60R20
ADVENTURO RT	275/55R20 XL
ADVENTURO RT	33X12.50R20LT
ADVENTURO RT	35X12.50R22LT
